"species"	"A:B"
"HUMAN-YEAST"	0.985552830258003
"HUMAN-ECOLI"	0.986996444380441
"YEAST-ECOLI"	0.998464864691084
